n_train_assets,train_rmse,val_rmse
10,0.02230849178173404,0.0179897241252274
25,0.018981701760558647,0.01791218155846367
50,0.019063767132792658,0.017905432221252057
75,0.018745517890704565,0.0178916227011102
