alpha,val_rmse,val_mae,val_r2,val_ic
0.1,0.015887076756732486,0.010859805912974939,-7.145644700612408e-06,
0.01,0.015887076756732486,0.010859805912974939,-7.145644700612408e-06,
10.0,0.015887076756732486,0.010859805912974939,-7.145644700612408e-06,
1.0,0.015887076756732486,0.010859805912974939,-7.145644700612408e-06,
100.0,0.015887076756732486,0.010859805912974939,-7.145644700612408e-06,
0.001,0.015900789763611804,0.010871583132538686,-0.0017342126619934728,-0.003536716739364931
0.0001,0.01596525515607124,0.010929654950247338,-0.009873191338549692,0.016810967030196144
